epoch,avg_reward,option 0 dur,option 1 dur,option 2 dur,option 0 std,option 1 std,option 2 std,option 0 term,option 1 term,option 2 term,option 0 adv,option 1 adv,option 2 adv
1,10.359360240952348,627,1122,299,1.0,1.0,1.0,0.4892750382423401,0.2839658856391907,0.5826759934425354,1.2464056015014648,1.2036446332931519,-0.12061621248722076
2,10.710777584147984,789,716,543,0.9985851645469666,0.9936136603355408,1.0002459287643433,0.41236552596092224,0.4025726616382599,0.6517008543014526,0.6576908230781555,0.6114413738250732,-0.23700644075870514
