epoch,avg_reward,option 0 dur,option 1 dur,option 2 dur,option 0 std,option 1 std,option 2 std,option 0 term,option 1 term,option 2 term,option 0 adv,option 1 adv,option 2 adv
1,9.87548860121843,253,1199,596,1.0,1.0,1.0,0.5827662944793701,0.5477962493896484,0.660197377204895,1.181573748588562,1.1256262063980103,0.3332425653934479
2,10.604333833592813,595,884,569,0.9979985952377319,1.0011011362075806,0.9894090890884399,0.41828420758247375,0.3027491867542267,0.5272274613380432,0.4045056402683258,0.6300703287124634,-0.013412227854132652
