epoch,avg_reward,option 0 dur,option 1 dur,option 2 dur,option 0 std,option 1 std,option 2 std,option 0 term,option 1 term,option 2 term,option 0 adv,option 1 adv,option 2 adv
1,10.073233333665542,944,703,401,1.0,1.0,1.0,0.36511802673339844,0.5386015772819519,0.2978784739971161,1.7578052282333374,0.6647548079490662,0.07159091532230377
2,9.817570076186154,767,835,446,1.0014524459838867,0.9971045851707458,1.001624345779419,0.36316996812820435,0.4239233434200287,0.6211321949958801,0.990350604057312,0.5397352576255798,-0.18145966529846191
