epoch,avg_reward,option 0 dur,option 1 dur,option 2 dur,option 0 std,option 1 std,option 2 std,option 0 term,option 1 term,option 2 term,option 0 adv,option 1 adv,option 2 adv
1,10.623662043105504,357,959,732,1.0,1.0,1.0,0.6241282820701599,0.48177337646484375,0.6195642948150635,1.1787861585617065,0.911724328994751,0.1569461077451706
2,10.392553693262084,839,695,514,0.9947400689125061,0.9958712458610535,0.9978929758071899,0.4646659195423126,0.37801721692085266,0.47550809383392334,0.37600329518318176,0.3894226849079132,-0.06663401424884796
