epoch,avg_reward,option 0 dur,option 1 dur,option 2 dur,option 0 std,option 1 std,option 2 std,option 0 term,option 1 term,option 2 term,option 0 adv,option 1 adv,option 2 adv
1,10.995801955964902,1148,473,427,1.0,1.0,1.0,0.3287612795829773,0.598003089427948,0.49136924743652344,1.4325183629989624,0.515784502029419,0.032380592077970505
2,10.416980340924594,1143,482,423,0.9940444231033325,0.9948604702949524,1.0001733303070068,0.23376792669296265,0.4349415600299835,0.5600499510765076,0.60416579246521,0.14019110798835754,-0.043426722288131714
