epoch,avg_reward,option 0 dur,option 1 dur,option 2 dur,option 0 std,option 1 std,option 2 std,option 0 term,option 1 term,option 2 term,option 0 adv,option 1 adv,option 2 adv
1,-0.43140806241143,890,375,783,1.0,1.0,1.0,0.507491409778595,0.4881669282913208,0.5092267990112305,-0.12047810107469559,0.015924010425806046,0.07516635209321976
