#{"t_start": 1534991337.2665613, "env_id": "HalfCheetah-v2"}
r,l,t
-638.157032,1000,3.072743
-681.759087,1000,5.163472
-749.94734,1000,10.541371
-560.833854,1000,12.641331
