#{"t_start": 1534991337.2391036, "env_id": "HalfCheetah-v2"}
r,l,t
-653.978423,1000,3.084809
-698.359446,1000,5.229755
-682.556133,1000,10.963589
-720.177912,1000,13.397339
