#{"t_start": 1534991337.2648554, "env_id": "HalfCheetah-v2"}
r,l,t
-664.310655,1000,3.042436
-637.989674,1000,5.327781
-544.041273,1000,11.164521
-685.674774,1000,13.628025
