#{"t_start": 1534991337.2724106, "env_id": "HalfCheetah-v2"}
r,l,t
-566.130071,1000,3.04212
-707.614524,1000,5.198323
-631.370955,1000,10.93505
-732.587847,1000,13.224743
