#{"t_start": 1534991337.2408748, "env_id": "HalfCheetah-v2"}
r,l,t
-660.404292,1000,3.012807
-673.644178,1000,5.366372
-625.772559,1000,11.367494
-764.393968,1000,13.645375
