#{"t_start": 1534983444.9674828, "env_id": "Swimmer-v2"}
r,l,t
-2.901251,1000,2.968546
-8.978619,1000,5.190404
-19.131067,1000,10.879223
18.250911,1000,13.183604
