#{"t_start": 1534983444.9647431, "env_id": "Swimmer-v2"}
r,l,t
24.20104,1000,2.982752
-4.075526,1000,5.237209
1.830143,1000,10.930231
4.525671,1000,13.072543
