#{"t_start": 1534983444.9635324, "env_id": "Swimmer-v2"}
r,l,t
-6.317889,1000,3.032568
-2.310272,1000,5.186067
-6.118632,1000,10.843786
7.362599,1000,13.048111
