#{"t_start": 1534983444.9572148, "env_id": "Swimmer-v2"}
r,l,t
14.007872,1000,3.121683
-7.790926,1000,5.591728
-11.755465,1000,11.154307
2.081115,1000,13.645127
