#{"t_start": 1534983444.957231, "env_id": "Swimmer-v2"}
r,l,t
-11.938656,1000,3.222936
28.163504,1000,5.544332
45.829603,1000,11.149363
21.351034,1000,13.384639
